{"Select Eggs":[""],"Auto Open Seedpack":false,"Select Mutation   ":[""],"Auto Buy All Eggs":false,"Auto Buy Eggs":false,"Select Honey":[""],"Select Assets Type":[""],"Select Seeds":[""],"Auto UnFavourite All Fruits":false,"Select Blacklist Variant":[""],"Auto Buy All Seeds":false,"Enable Pets Follow Player":false,"Auto Buy Best Blood Moon":false,"Infinite Jump":false,"Auto Buy Seeds":false,"Auto Give Fruits To Player":false,"Select Blacklist Mutation":[""],"Auto Buy All Gears":false,"Auto Buy Gears":false,"Auto UnFavourite Fruits":false,"Select Position ":[""],"ESP Eggs":false,"Enable Walkspeed":false,"Auto Collect Most Valuable Fruits":false,"Select Rarity Seed ":[""],"Job ID":"","Background Transparency":0.1,"Select Theme":[""],"Input Name":"","Place Version":"","Select Eggs ":[""],"Select Plants":[""],"Select Fruits  ":[""],"Select Variant  ":[""],"Select Whitelist Fruit":[""],"Auto Collect Fruits ":false,"Select Whitelist Variant":[""],"Select Use Video Background":[""],"Auto Collect Honey":false,"Allow Sell If Backpack Is Max":false,"Prevent Sell Mutation":[""],"Feed Until Max":false,"Select Plants  ":[""],"Auto Buy All Honey":false,"Auto UnFavorite Plants":false,"Remove Notification UI":false,"Show Value Money In Fruits":false,"Auto Hop Until Place Version":false,"Sell Pets":[""],"Auto Buy Blood Moon":false,"Enable Prevent Mode":false,"Select Whitelist Mutation":[""],"Auto Collect Whitelisted Mutations":false,"Select Seed ":[""],"Enable Move Plants":false,"Select Blacklist Fruits  ":[""],"Auto Plants All Seeds":false,"Select Pets":[""],"Select Use Image Background":[""],"Auto Collect Heaviest Fruits":false,"Whitelist Weight":"0","Auto Favourite Fruits":false,"Select Position":[""],"Auto Equip All Pets":false,"Select Mutations    ":[""],"Auto Buy All Blood Moon":false,"Delay To Plants":"0","Auto Buy Best Seeds":false,"Auto Remove All Garden Players":false,"Auto Give Favourited Fruits To Player":false,"Delay To Sell Inventory":"0","Select Position   ":[""],"Auto Sell":false,"Auto Hatch Eggs":false,"Auto Buy Honey":false,"Auto Buy Best Gears":false,"Prevent Sell Variant":[""],"Select Fruits":[""],"Auto Plants Seed":false,"Select Players":[""],"Select Blacklist Tree":[""],"Select Blacklist Fruits":[""],"Allow Move Plants to Pets If Passive is ready":false,"Auto Collect Whitelisted Fruits":false,"Threshold Hunger":"","ESP Fruit":false,"Auto Shovel Tree":false,"Show Screen White":false,"Auto Place Eggs":false,"Input URL":"","Prevent Giving Any Mutation on Pollinated Fruit":false,"Prevent Sell Pets":[""],"Prevent Feed Mutation Fruit":[""],"Select Tree":[""],"Select Blood Moon Shop":[""],"Auto Give Pollinated to Honey Combpressor":false,"Set Speed":"","Select Language":[""],"Auto UnFavorite All Plants":false,"Select Fruits   ":[""],"Select Whitelist Fruits":[""],"Delay To Place Eggs":"0","Auto Feed Pets":false,"Lock Pets":false,"Auto Sell Pets":false,"Auto Water Fruits":false,"Auto Reconnect":false,"Auto Buy Best Honey":false,"Select Mutations  ":[""],"Auto Collect All Fruits":false,"Select Gears":[""],"Hide All Fruits":false,"Hide All Tree":false,"Auto Sprinkler":false,"Delay To Sprinkler":"0","Select Variant   ":[""],"Auto Move Plants To Pets":false,"Blacklist Weight":"0","Select Sprinkler":[""],"Show Screen Black":false,"Allow Show Value Money":false,"Auto Skipper At Rarity (BETA)":false,"Stop Collect If Weather Is Here":false,"No Clip":false,"Select Variant    ":[""],"Auto Collect Fruits":false,"Select Fruits    ":[""],"Prevent Sell Fruits":[""],"Select Pets   ":[""],"Auto Accept Trade":false,"Auto Favorite Plants":false}