<?xml version="1.0"?>
<doc>
    <assembly>
        <name>Foregrounder</name>
    </assembly>
    <members>
        <member name="T:Foregrounder.Foregrounder">
            <summary>
            Bring a window in your process to the foreground, even if a different process's window is currently in the foreground.
            </summary>
            <remarks>
            <para>This algorithm is by Carl Scarlett (Zodman) and Joseph Cooney.</para>
            <para>https://stackoverflow.com/a/11552906/979493</para>
            </remarks>
        </member>
        <member name="M:Foregrounder.Foregrounder.BringToForeground(System.Windows.Window)">
            <summary>
            Bring the given WPF window to the foreground. If it is minimized, it will be restored.
            </summary>
            <param name="wpfWindow">The WPF window to bring to the foreground.</param>
        </member>
        <member name="M:Foregrounder.Foregrounder.BringToForeground(System.Windows.Forms.Form)">
            <summary>
            Bring the given Windows Forms window to the foreground. If it is minimized, it will be restored.
            </summary>
            <param name="formsWindow">The Windows Forms window to bring to the foreground.</param>
        </member>
        <member name="M:Foregrounder.Foregrounder.BringToForeground(System.Windows.Automation.AutomationElement)">
            <summary>
            Bring the given UI Automation Element window to the foreground. If it is minimized, it will be restored.
            </summary>
            <param name="automationElement">The UI Automation Element to bring to the foreground.</param>
        </member>
        <member name="M:Foregrounder.Foregrounder.BringToForeground(System.IntPtr)">
            <summary>
            Bring the given window to the foreground. If it is minimized, it will be restored.
            </summary>
            <remarks>
            <para>This algorithm is by Carl Scarlett (Zodman) and Joseph Cooney.</para>
            <para>https://stackoverflow.com/a/11552906/979493</para>
            </remarks>
            <param name="windowHandle">The window handle (<c>HWND</c>) to bring to the foreground.</param>
        </member>
        <member name="F:Foregrounder.User32.WindowPlacement.Length">
            <summary>
            The length of the structure, in bytes. Before calling the GetWindowPlacement or SetWindowPlacement functions, set this member to sizeof(WINDOWPLACEMENT).
            <para>
            GetWindowPlacement and SetWindowPlacement fail if this member is not set correctly.
            </para>
            </summary>
        </member>
        <member name="F:Foregrounder.User32.WindowPlacement.Flags">
            <summary>
            Specifies flags that control the position of the minimized window and the method by which the window is restored.
            </summary>
        </member>
        <member name="F:Foregrounder.User32.WindowPlacement.ShowCmd">
            <summary>
            The current show state of the window.
            </summary>
        </member>
        <member name="F:Foregrounder.User32.WindowPlacement.MinPosition">
            <summary>
            The coordinates of the window's upper-left corner when the window is minimized.
            </summary>
        </member>
        <member name="F:Foregrounder.User32.WindowPlacement.MaxPosition">
            <summary>
            The coordinates of the window's upper-left corner when the window is maximized.
            </summary>
        </member>
        <member name="F:Foregrounder.User32.WindowPlacement.NormalPosition">
            <summary>
            The window's coordinates when the window is in the restored position.
            </summary>
        </member>
        <member name="M:Foregrounder.User32.WindowPlacement.Create">
            <summary>
            Gets the default (empty) value.
            </summary>
        </member>
        <member name="F:Foregrounder.User32.ShowWindowCommands.Hide">
            <summary>
            Hides the window and activates another window.
            </summary>
        </member>
        <member name="F:Foregrounder.User32.ShowWindowCommands.Normal">
            <summary>
            Activates and displays a window. If the window is minimized or
            maximized, the system restores it to its original size and position.
            An application should specify this flag when displaying the window
            for the first time.
            </summary>
        </member>
        <member name="F:Foregrounder.User32.ShowWindowCommands.ShowMinimized">
            <summary>
            Activates the window and displays it as a minimized window.
            </summary>
        </member>
        <member name="F:Foregrounder.User32.ShowWindowCommands.Maximize">
            <summary>
            Maximizes the specified window.
            </summary>
        </member>
        <member name="F:Foregrounder.User32.ShowWindowCommands.ShowMaximized">
            <summary>
            Activates the window and displays it as a maximized window.
            </summary>      
        </member>
        <member name="F:Foregrounder.User32.ShowWindowCommands.ShowNoActivate">
            <summary>
            Displays a window in its most recent size and position. This value
            is similar to <see cref="F:Foregrounder.User32.ShowWindowCommands.Normal"/>, except
            the window is not activated.
            </summary>
        </member>
        <member name="F:Foregrounder.User32.ShowWindowCommands.Show">
            <summary>
            Activates the window and displays it in its current size and position.
            </summary>
        </member>
        <member name="F:Foregrounder.User32.ShowWindowCommands.Minimize">
            <summary>
            Minimizes the specified window and activates the next top-level
            window in the Z order.
            </summary>
        </member>
        <member name="F:Foregrounder.User32.ShowWindowCommands.ShowMinNoActive">
            <summary>
            Displays the window as a minimized window. This value is similar to
            <see cref="F:Foregrounder.User32.ShowWindowCommands.ShowMinimized"/>, except the
            window is not activated.
            </summary>
        </member>
        <member name="F:Foregrounder.User32.ShowWindowCommands.ShowNA">
            <summary>
            Displays the window in its current size and position. This value is
            similar to <see cref="F:Foregrounder.User32.ShowWindowCommands.Show"/>, except the
            window is not activated.
            </summary>
        </member>
        <member name="F:Foregrounder.User32.ShowWindowCommands.Restore">
            <summary>
            Activates and displays the window. If the window is minimized or
            maximized, the system restores it to its original size and position.
            An application should specify this flag when restoring a minimized window.
            </summary>
        </member>
        <member name="F:Foregrounder.User32.ShowWindowCommands.ShowDefault">
            <summary>
            Sets the show state based on the SW_* value specified in the
            STARTUPINFO structure passed to the CreateProcess function by the
            program that started the application.
            </summary>
        </member>
        <member name="F:Foregrounder.User32.ShowWindowCommands.ForceMinimize">
            <summary>
             <b>Windows 2000/XP:</b> Minimizes a window, even if the thread
            that owns the window is not responding. This flag should only be
            used when minimizing windows from a different thread.
            </summary>
        </member>
    </members>
</doc>
